filename,x_from,y_from,width,height,sign_class,sign_id,sign_class_id
autosave01_02_2012_09_13_33.jpg,649,376,18,18,2_1,0,1
autosave01_02_2012_09_13_34.jpg,671,356,20,21,2_1,0,1
autosave01_02_2012_09_13_35.jpg,711,332,27,26,2_1,0,1
autosave01_02_2012_09_13_36.jpg,764,290,37,36,2_1,0,1
autosave01_02_2012_09_13_36.jpg,684,384,17,17,1_23,1,2
autosave01_02_2012_09_13_37.jpg,876,200,56,57,2_1,0,1
autosave01_02_2012_09_13_37.jpg,705,377,22,21,1_23,1,2
autosave01_02_2012_09_13_38.jpg,749,353,26,25,1_23,1,2
autosave01_02_2012_09_13_39.jpg,840,299,42,46,1_23,1,2
autosave01_02_2012_09_13_42.jpg,698,331,18,18,1_17,2,3
autosave01_02_2012_09_13_42.jpg,700,352,18,17,1_23,3,2
autosave01_02_2012_09_13_43.jpg,746,291,25,26,1_17,2,3
autosave01_02_2012_09_13_43.jpg,749,320,26,24,1_23,3,2
autosave01_02_2012_09_13_43.jpg,751,360,21,23,3_24_n40,4,4
autosave01_02_2012_09_13_44.jpg,838,224,36,37,1_17,2,3
autosave01_02_2012_09_13_44.jpg,844,267,38,35,1_23,3,2
autosave01_02_2012_09_13_44.jpg,843,306,41,19,8_2_1,5,5
autosave01_02_2012_09_13_44.jpg,848,328,34,33,3_24_n40,4,4
autosave01_02_2012_09_13_45.jpg,1076,32,75,70,1_17,2,3
autosave01_02_2012_09_13_45.jpg,1085,113,78,67,1_23,3,2
autosave01_02_2012_09_13_45.jpg,1085,186,80,31,8_2_1,5,5
autosave01_02_2012_09_13_47.jpg,702,339,19,19,5_20,6,6
autosave01_02_2012_09_13_48.jpg,731,320,24,23,5_20,6,6
autosave01_02_2012_09_13_48.jpg,735,345,20,21,3_24_n20,7,7
autosave01_02_2012_09_13_49.jpg,780,279,35,33,5_20,6,6
autosave01_02_2012_09_13_49.jpg,787,313,27,26,3_24_n20,7,7
autosave01_02_2012_09_13_49.jpg,786,341,36,18,8_2_1,8,5
autosave01_02_2012_09_13_50.jpg,870,199,53,48,5_20,6,6
autosave01_02_2012_09_13_50.jpg,878,249,47,45,3_24_n20,7,7
autosave01_02_2012_09_13_50.jpg,880,295,56,26,8_2_1,8,5
autosave01_02_2012_09_13_51.jpg,1102,0,96,73,5_20,6,6
autosave01_02_2012_09_13_51.jpg,1124,169,111,48,8_2_1,8,5
autosave01_02_2012_09_13_54.jpg,668,379,17,16,5_19_1,9,8
autosave01_02_2012_09_13_54.jpg,143,372,26,35,5_16,10,9
autosave01_02_2012_09_13_54.jpg,374,405,17,17,5_19_1,11,8
autosave01_02_2012_09_13_55.jpg,688,375,19,19,5_19_1,9,8
autosave01_02_2012_09_13_55.jpg,6,355,33,45,5_16,10,9
autosave01_02_2012_09_13_55.jpg,357,405,17,17,5_19_1,11,8
autosave01_02_2012_09_13_57.jpg,739,347,27,28,5_19_1,9,8
autosave01_02_2012_09_13_57.jpg,248,392,26,26,5_19_1,11,8
autosave01_02_2012_09_13_58.jpg,799,310,38,37,5_19_1,9,8
autosave01_02_2012_09_13_58.jpg,143,374,34,32,5_19_1,11,8
autosave01_02_2012_09_13_59.jpg,989,199,65,62,5_19_1,9,8
autosave01_02_2012_09_13_59.jpg,683,338,16,24,5_16,12,9
autosave01_02_2012_09_14_00.jpg,716,310,21,35,5_16,12,9
autosave01_02_2012_09_14_01.jpg,867,178,55,74,5_16,12,9
autosave01_02_2012_09_14_01.jpg,697,368,20,19,5_20,13,6
autosave01_02_2012_09_14_02.jpg,950,104,69,98,5_16,12,9
autosave01_02_2012_09_14_02.jpg,703,366,21,20,5_20,13,6
autosave01_02_2012_09_14_03.jpg,729,352,25,24,5_20,13,6
autosave01_02_2012_09_14_04.jpg,753,343,29,28,5_20,13,6
autosave01_02_2012_09_14_05.jpg,788,320,36,35,5_20,13,6
autosave01_02_2012_09_14_06.jpg,857,282,47,44,5_20,13,6
autosave01_02_2012_09_14_07.jpg,1000,212,78,65,5_20,13,6
autosave01_02_2012_09_14_12.jpg,709,372,21,21,3_25_n20,14,10
autosave01_02_2012_09_14_13.jpg,744,345,27,28,3_25_n20,14,10
autosave01_02_2012_09_15_16.jpg,720,361,27,25,5_19_1,15,8
autosave01_02_2012_09_15_17.jpg,729,348,27,25,5_19_1,15,8
autosave01_02_2012_09_15_18.jpg,744,340,29,30,5_19_1,15,8
autosave01_02_2012_09_15_19.jpg,767,329,32,31,5_19_1,15,8
autosave01_02_2012_09_15_19.jpg,706,363,17,23,5_16,16,9
autosave01_02_2012_09_15_20.jpg,799,310,36,38,5_19_1,15,8
autosave01_02_2012_09_15_20.jpg,718,355,20,25,5_16,16,9
autosave01_02_2012_09_15_20.jpg,142,372,33,35,5_19_1,17,8
autosave01_02_2012_09_15_21.jpg,840,289,41,42,5_19_1,15,8
autosave01_02_2012_09_15_21.jpg,735,348,20,25,5_16,16,9
autosave01_02_2012_09_15_21.jpg,83,362,38,39,5_19_1,17,8
autosave01_02_2012_09_15_22.jpg,895,262,49,47,5_19_1,15,8
autosave01_02_2012_09_15_22.jpg,754,339,21,27,5_16,16,9
autosave01_02_2012_09_15_22.jpg,19,350,42,43,5_19_1,17,8
autosave01_02_2012_09_15_23.jpg,954,233,60,55,5_19_1,15,8
autosave01_02_2012_09_15_23.jpg,771,334,21,27,5_16,16,9
autosave01_02_2012_09_15_24.jpg,1036,189,72,68,5_19_1,15,8
autosave01_02_2012_09_15_24.jpg,787,323,22,28,5_16,16,9
autosave01_02_2012_09_15_25.jpg,1150,129,94,81,5_19_1,15,8
autosave01_02_2012_09_15_25.jpg,808,317,23,29,5_16,16,9
autosave01_02_2012_09_15_26.jpg,818,312,26,32,5_16,16,9
autosave01_02_2012_09_15_27.jpg,826,307,26,36,5_16,16,9
autosave01_02_2012_09_15_28.jpg,835,306,26,36,5_16,16,9
autosave01_02_2012_09_15_29.jpg,845,307,28,38,5_16,16,9
autosave01_02_2012_09_15_30.jpg,882,290,32,41,5_16,16,9
autosave01_02_2012_09_15_31.jpg,942,256,36,50,5_16,16,9
autosave01_02_2012_09_15_32.jpg,1024,210,43,62,5_16,16,9
autosave01_02_2012_09_15_33.jpg,1139,151,60,79,5_16,16,9
autosave01_02_2012_09_16_34.jpg,873,164,92,36,6_16,18,11
autosave01_02_2012_09_16_34.jpg,892,94,43,65,2_1,19,1
autosave01_02_2012_09_16_35.jpg,933,97,110,47,6_16,18,11
autosave01_02_2012_09_16_35.jpg,957,11,45,87,2_1,19,1
autosave01_02_2012_09_16_49.jpg,826,277,37,49,7_15,20,12
autosave01_02_2012_09_16_50.jpg,937,210,59,72,7_15,20,12
autosave01_02_2012_09_16_51.jpg,1117,90,81,107,7_15,20,12
autosave01_02_2012_09_16_55.jpg,696,332,29,29,2_2,21,13
autosave01_02_2012_09_16_56.jpg,720,315,31,31,2_2,21,13
autosave01_02_2012_09_16_57.jpg,170,421,22,21,5_19_1,22,8
autosave01_02_2012_09_16_58.jpg,154,416,23,21,5_19_1,22,8
autosave01_02_2012_09_16_59.jpg,143,415,22,21,5_19_1,22,8
autosave01_02_2012_09_17_00.jpg,136,417,23,23,5_19_1,22,8
autosave01_02_2012_09_17_01.jpg,768,296,39,36,2_2,21,13
autosave01_02_2012_09_17_01.jpg,730,308,16,19,2_4,23,14
autosave01_02_2012_09_17_02.jpg,782,280,45,42,2_2,21,13
autosave01_02_2012_09_17_02.jpg,732,300,16,19,2_4,23,14
autosave01_02_2012_09_17_03.jpg,805,263,50,47,2_2,21,13
autosave01_02_2012_09_17_03.jpg,736,295,20,23,2_4,23,14
autosave01_02_2012_09_17_04.jpg,747,285,20,23,2_4,23,14
autosave01_02_2012_09_17_04.jpg,751,315,22,24,8_13_1,24,15
autosave01_02_2012_09_17_05.jpg,908,179,82,78,2_2,21,13
autosave01_02_2012_09_17_05.jpg,752,275,20,24,2_4,23,14
autosave01_02_2012_09_17_05.jpg,756,312,24,25,8_13_1,24,15
autosave01_02_2012_09_17_05.jpg,805,332,29,29,5_19_1,25,8
autosave01_02_2012_09_17_06.jpg,1074,27,130,124,2_2,21,13
autosave01_02_2012_09_17_06.jpg,764,253,22,25,2_4,23,14
autosave01_02_2012_09_17_06.jpg,770,292,26,25,8_13_1,24,15
autosave01_02_2012_09_17_06.jpg,835,310,35,34,5_19_1,25,8
autosave01_02_2012_09_17_07.jpg,774,223,28,30,2_4,23,14
autosave01_02_2012_09_17_07.jpg,781,271,30,29,8_13_1,24,15
autosave01_02_2012_09_17_07.jpg,874,282,42,43,5_19_1,25,8
autosave01_02_2012_09_17_08.jpg,794,178,37,37,2_4,23,14
autosave01_02_2012_09_17_08.jpg,805,237,38,38,8_13_1,24,15
autosave01_02_2012_09_17_08.jpg,951,237,55,57,5_19_1,25,8
autosave01_02_2012_09_17_09.jpg,825,99,48,52,2_4,23,14
autosave01_02_2012_09_17_09.jpg,840,175,45,47,8_13_1,24,15
autosave01_02_2012_09_17_09.jpg,1104,129,89,86,5_19_1,25,8
autosave01_02_2012_09_17_09.jpg,392,366,25,25,4_2_1,26,16
autosave01_02_2012_09_17_10.jpg,870,0,63,65,2_4,23,14
autosave01_02_2012_09_17_11.jpg,190,351,39,39,4_2_1,26,16
autosave01_02_2012_09_17_21.jpg,265,358,21,24,2_1,27,1
autosave01_02_2012_09_17_21.jpg,278,390,21,22,5_19_1,28,8
autosave01_02_2012_09_17_22.jpg,462,342,21,23,2_1,27,1
autosave01_02_2012_09_17_22.jpg,474,375,20,21,5_19_1,28,8
autosave01_02_2012_09_17_23.jpg,647,321,22,27,2_1,27,1
autosave01_02_2012_09_17_23.jpg,663,358,22,24,5_19_1,28,8
autosave01_02_2012_09_17_24.jpg,814,293,27,32,2_1,27,1
autosave01_02_2012_09_17_24.jpg,838,333,29,32,5_19_1,28,8
autosave01_02_2012_09_17_24.jpg,470,377,19,18,5_19_1,29,8
autosave01_02_2012_09_17_25.jpg,968,257,37,38,2_1,27,1
autosave01_02_2012_09_17_25.jpg,1024,300,39,41,5_19_1,28,8
autosave01_02_2012_09_17_25.jpg,549,366,20,21,5_19_1,29,8
autosave01_02_2012_09_17_26.jpg,1046,201,54,50,2_1,27,1
autosave01_02_2012_09_17_26.jpg,1164,243,58,55,5_19_1,28,8
autosave01_02_2012_09_17_27.jpg,1015,130,76,70,2_1,27,1
autosave01_02_2012_09_17_42.jpg,265,392,17,23,5_16,30,9
autosave01_02_2012_09_17_43.jpg,35,361,30,42,5_16,30,9
autosave01_02_2012_09_17_43.jpg,683,375,17,18,5_19_1,31,8
autosave01_02_2012_09_17_43.jpg,367,407,16,16,5_19_1,32,8
autosave01_02_2012_09_17_44.jpg,737,348,25,25,5_19_1,31,8
autosave01_02_2012_09_17_44.jpg,286,397,23,22,5_19_1,32,8
autosave01_02_2012_09_17_45.jpg,865,284,45,43,5_19_1,31,8
autosave01_02_2012_09_17_45.jpg,93,378,33,35,5_19_1,32,8
autosave01_02_2012_09_17_47.jpg,703,363,16,22,5_16,33,9
autosave01_02_2012_09_17_48.jpg,791,312,27,37,5_16,33,9
autosave01_02_2012_09_17_49.jpg,1200,90,79,104,5_16,33,9
autosave01_02_2012_09_18_20.jpg,770,359,17,19,1_20_3,34,17
autosave01_02_2012_09_18_20.jpg,769,379,21,20,1_25,35,18
autosave01_02_2012_09_18_21.jpg,882,312,28,28,1_20_3,34,17
autosave01_02_2012_09_18_21.jpg,880,342,34,33,1_25,35,18
autosave01_02_2012_09_18_26.jpg,227,375,20,29,5_16,36,9
autosave01_02_2012_09_18_26.jpg,657,367,17,18,5_19_1,37,8
autosave01_02_2012_09_18_26.jpg,344,402,16,17,5_19_1,38,8
autosave01_02_2012_09_18_27.jpg,82,357,25,39,5_16,36,9
autosave01_02_2012_09_18_27.jpg,680,355,21,22,5_19_1,37,8
autosave01_02_2012_09_18_27.jpg,296,397,18,19,5_19_1,38,8
autosave01_02_2012_09_18_28.jpg,716,338,27,30,5_19_1,37,8
autosave01_02_2012_09_18_28.jpg,223,390,21,25,5_19_1,38,8
autosave01_02_2012_09_18_29.jpg,827,269,49,47,5_19_1,37,8
autosave01_02_2012_09_18_30.jpg,885,226,64,62,5_19_1,37,8
autosave01_02_2012_09_18_30.jpg,652,358,18,27,5_16,39,9
autosave01_02_2012_09_18_30.jpg,633,360,16,17,2_1,40,1
autosave01_02_2012_09_18_31.jpg,701,312,27,43,5_16,39,9
autosave01_02_2012_09_18_31.jpg,648,342,20,21,2_1,40,1
autosave01_02_2012_09_18_31.jpg,651,364,16,16,3_4_n8,41,19
autosave01_02_2012_09_18_32.jpg,714,299,32,48,5_16,39,9
autosave01_02_2012_09_18_32.jpg,652,337,20,21,2_1,40,1
autosave01_02_2012_09_18_33.jpg,782,215,52,77,5_16,39,9
autosave01_02_2012_09_18_33.jpg,659,318,24,26,2_1,40,1
autosave01_02_2012_09_18_33.jpg,663,345,20,22,3_4_n8,41,19
autosave01_02_2012_09_18_34.jpg,1030,0,117,137,5_16,39,9
autosave01_02_2012_09_18_34.jpg,673,297,33,35,2_1,40,1
autosave01_02_2012_09_18_34.jpg,680,333,25,25,3_4_n8,41,19
autosave01_02_2012_09_18_35.jpg,697,276,41,42,2_1,40,1
autosave01_02_2012_09_18_35.jpg,706,319,28,27,3_4_n8,41,19
autosave01_02_2012_09_18_35.jpg,706,348,32,17,8_3_2,42,20
autosave01_02_2012_09_18_36.jpg,733,239,49,49,2_1,40,1
autosave01_02_2012_09_18_36.jpg,741,291,37,37,3_4_n8,41,19
autosave01_02_2012_09_18_36.jpg,742,330,43,21,8_3_2,42,20
autosave01_02_2012_09_18_37.jpg,780,182,67,67,2_1,40,1
autosave01_02_2012_09_18_37.jpg,793,251,49,45,3_4_n8,41,19
autosave01_02_2012_09_18_37.jpg,796,298,51,26,8_3_2,42,20
autosave01_02_2012_09_18_38.jpg,859,86,94,94,2_1,40,1
autosave01_02_2012_09_18_38.jpg,878,183,66,65,3_4_n8,41,19
autosave01_02_2012_09_18_38.jpg,883,242,72,40,8_3_2,42,20
autosave01_02_2012_09_18_39.jpg,1086,0,116,109,3_4_n8,41,19
autosave01_02_2012_09_18_39.jpg,1090,104,129,66,8_3_2,42,20
autosave01_02_2012_09_18_41.jpg,131,381,16,19,3_4_1,43,21
autosave01_02_2012_09_18_41.jpg,130,402,19,21,5_19_1,44,8
autosave01_02_2012_09_18_42.jpg,29,365,20,24,3_4_1,43,21
autosave01_02_2012_09_18_42.jpg,28,390,25,26,5_19_1,44,8
autosave01_02_2012_09_18_42.jpg,616,346,18,16,2_4,45,14
autosave01_02_2012_09_18_43.jpg,622,337,16,16,2_4,45,14
autosave01_02_2012_09_18_44.jpg,622,322,22,20,2_4,45,14
autosave01_02_2012_09_18_44.jpg,625,344,16,17,4_1_6,46,22
autosave01_02_2012_09_18_45.jpg,625,307,22,20,2_4,45,14
autosave01_02_2012_09_18_45.jpg,628,328,18,21,4_1_6,46,22
autosave01_02_2012_09_18_46.jpg,627,300,25,23,2_4,45,14
autosave01_02_2012_09_18_46.jpg,630,324,22,21,4_1_6,46,22
autosave01_02_2012_09_18_47.jpg,635,294,25,23,2_4,45,14
autosave01_02_2012_09_18_47.jpg,637,318,22,21,4_1_6,46,22
autosave01_02_2012_09_18_48.jpg,639,292,28,25,2_4,45,14
autosave01_02_2012_09_18_48.jpg,643,319,24,22,4_1_6,46,22
autosave01_02_2012_09_18_49.jpg,643,287,28,25,2_4,45,14
autosave01_02_2012_09_18_49.jpg,645,313,26,24,4_1_6,46,22
autosave01_02_2012_09_18_50.jpg,647,281,28,26,2_4,45,14
autosave01_02_2012_09_18_50.jpg,648,308,26,24,4_1_6,46,22
autosave01_02_2012_09_18_52.jpg,655,275,29,27,2_4,45,14
autosave01_02_2012_09_18_52.jpg,658,305,26,24,4_1_6,46,22
autosave01_02_2012_09_18_53.jpg,656,274,30,27,2_4,45,14
autosave01_02_2012_09_18_53.jpg,659,302,26,24,4_1_6,46,22
autosave01_02_2012_09_18_54.jpg,657,274,30,27,2_4,45,14
autosave01_02_2012_09_18_54.jpg,661,302,26,24,4_1_6,46,22
autosave01_02_2012_09_18_55.jpg,658,269,30,27,2_4,45,14
autosave01_02_2012_09_18_55.jpg,663,298,26,25,4_1_6,46,22
autosave01_02_2012_09_18_56.jpg,658,265,31,30,2_4,45,14
autosave01_02_2012_09_18_56.jpg,663,298,26,25,4_1_6,46,22
autosave01_02_2012_09_18_57.jpg,660,269,31,30,2_4,45,14
autosave01_02_2012_09_18_57.jpg,663,298,26,25,4_1_6,46,22
autosave01_02_2012_09_18_59.jpg,660,269,31,30,2_4,45,14
autosave01_02_2012_09_18_59.jpg,663,298,26,25,4_1_6,46,22
autosave01_02_2012_09_19_00.jpg,660,269,31,30,2_4,45,14
autosave01_02_2012_09_19_00.jpg,663,298,26,25,4_1_6,46,22
autosave01_02_2012_09_19_02.jpg,660,269,31,30,2_4,45,14
autosave01_02_2012_09_19_02.jpg,663,298,26,25,4_1_6,46,22
autosave01_02_2012_09_19_04.jpg,660,269,31,30,2_4,45,14
autosave01_02_2012_09_19_04.jpg,663,298,26,25,4_1_6,46,22
autosave01_02_2012_09_19_07.jpg,660,269,31,30,2_4,45,14
autosave01_02_2012_09_19_07.jpg,663,298,26,25,4_1_6,46,22
autosave01_02_2012_09_19_12.jpg,661,271,31,30,2_4,45,14
autosave01_02_2012_09_19_12.jpg,666,302,28,28,4_1_6,46,22
autosave01_02_2012_09_19_13.jpg,661,264,32,34,2_4,45,14
autosave01_02_2012_09_19_13.jpg,666,299,28,28,4_1_6,46,22
autosave01_02_2012_09_19_14.jpg,662,233,37,38,2_4,45,14
autosave01_02_2012_09_19_14.jpg,668,272,33,35,4_1_6,46,22
autosave01_02_2012_09_19_15.jpg,677,164,47,48,2_4,45,14
autosave01_02_2012_09_19_15.jpg,684,213,43,42,4_1_6,46,22
autosave01_02_2012_09_19_16.jpg,712,56,72,67,2_4,45,14
autosave01_02_2012_09_19_16.jpg,726,125,64,57,4_1_6,46,22
autosave01_02_2012_09_19_39.jpg,974,319,25,24,4_2_3,47,23
autosave01_02_2012_09_19_44.jpg,845,349,19,19,4_1_1,48,24
autosave01_02_2012_09_19_56.jpg,1025,349,30,24,1_33,49,25
autosave01_02_2012_09_19_57.jpg,960,314,22,23,4_2_3,50,23
autosave01_02_2012_09_20_13.jpg,851,366,22,21,5_15_5,51,26
autosave01_02_2012_09_20_13.jpg,759,374,17,17,2_1,52,1
autosave01_02_2012_09_20_14.jpg,996,333,32,32,5_15_5,51,26
autosave01_02_2012_09_20_14.jpg,812,359,23,22,2_1,52,1
autosave01_02_2012_09_20_15.jpg,911,323,33,33,2_1,52,1
autosave01_02_2012_09_20_15.jpg,918,356,24,24,4_1_1,53,24
autosave01_02_2012_09_20_19.jpg,785,368,19,19,2_1,54,1
autosave01_02_2012_09_20_20.jpg,867,342,25,23,2_1,54,1
autosave01_02_2012_09_20_23.jpg,790,364,18,17,2_1,55,1
autosave01_02_2012_09_20_24.jpg,826,354,20,20,2_1,55,1
autosave01_02_2012_09_20_25.jpg,947,310,28,28,2_1,55,1
autosave01_02_2012_09_20_30.jpg,792,366,23,23,2_1,56,1
autosave01_02_2012_09_20_33.jpg,752,370,16,18,3_27,57,27
autosave01_02_2012_09_20_34.jpg,824,320,19,26,4_2_3,58,23
autosave01_02_2012_09_20_34.jpg,823,347,25,27,3_27,57,27
autosave01_02_2012_09_20_35.jpg,1094,205,29,54,4_2_3,58,23
autosave01_02_2012_09_20_35.jpg,1083,262,58,52,3_27,57,27
autosave01_02_2012_09_20_37.jpg,773,378,18,20,1_15,59,28
autosave01_02_2012_09_20_38.jpg,877,350,30,29,1_15,59,28
autosave01_02_2012_09_20_39.jpg,1211,254,68,65,1_15,59,28
autosave01_02_2012_09_21_24.jpg,744,346,17,19,4_2_3,60,23
autosave01_02_2012_09_21_26.jpg,969,251,38,40,4_2_3,60,23
autosave01_02_2012_09_21_30.jpg,809,328,20,22,2_2,61,13
autosave01_02_2012_09_21_30.jpg,813,351,16,16,2_4,62,14
autosave01_02_2012_09_21_30.jpg,816,368,17,17,4_1_2_1,63,29
autosave01_02_2012_09_21_31.jpg,962,246,32,33,2_2,61,13
autosave01_02_2012_09_21_31.jpg,970,279,28,28,2_4,62,14
autosave01_02_2012_09_21_31.jpg,976,310,29,32,4_1_2_1,63,29
autosave01_02_2012_09_21_35.jpg,1082,310,29,37,5_16,64,9
autosave01_02_2012_09_21_37.jpg,770,312,25,24,3_27,65,27
autosave01_02_2012_09_21_38.jpg,832,274,32,31,3_27,65,27
autosave01_02_2012_09_21_40.jpg,767,360,23,24,6_3_1,66,30
autosave01_02_2012_09_21_41.jpg,817,350,25,27,6_3_1,66,30
autosave01_02_2012_09_21_42.jpg,1045,266,55,53,6_3_1,66,30
autosave01_02_2012_09_21_42.jpg,1054,322,55,24,8_1_1,67,31
autosave01_02_2012_09_21_46.jpg,747,377,23,24,2_1,68,1
autosave01_02_2012_09_21_47.jpg,857,351,36,38,2_1,68,1
autosave01_02_2012_09_21_48.jpg,1019,304,56,57,2_1,68,1
autosave01_02_2012_09_21_51.jpg,890,357,20,22,3_4_1,69,21
autosave01_02_2012_09_21_51.jpg,709,363,16,18,3_27,70,27
autosave01_02_2012_09_21_52.jpg,1084,300,34,34,3_4_1,69,21
autosave01_02_2012_09_21_52.jpg,764,325,23,23,3_27,70,27
autosave01_02_2012_09_21_52.jpg,766,349,23,23,4_2_3,71,23
autosave01_02_2012_09_21_53.jpg,904,263,39,37,3_27,70,27
autosave01_02_2012_09_21_54.jpg,880,362,24,23,4_2_1,72,16
autosave01_02_2012_09_21_55.jpg,1087,301,42,44,4_2_1,72,16
autosave01_02_2012_09_22_02.jpg,742,353,17,20,2_4,73,14
autosave01_02_2012_09_22_02.jpg,745,374,16,16,4_1_2_1,74,29
autosave01_02_2012_09_22_03.jpg,791,341,24,25,2_4,73,14
autosave01_02_2012_09_22_03.jpg,798,370,20,20,4_1_2_1,74,29
autosave01_02_2012_09_22_03.jpg,725,383,19,19,5_15_5,75,26
autosave01_02_2012_09_22_04.jpg,913,295,34,36,2_4,73,14
autosave01_02_2012_09_22_04.jpg,920,337,28,32,4_1_2_1,74,29
autosave01_02_2012_09_22_04.jpg,781,364,22,23,5_15_5,75,26
autosave01_02_2012_09_22_05.jpg,886,339,35,38,5_15_5,75,26
autosave01_02_2012_09_22_15.jpg,661,365,23,22,6_7,76,32
autosave01_02_2012_09_22_16.jpg,693,343,29,29,6_7,76,32
autosave01_02_2012_09_22_18.jpg,883,179,91,84,6_7,76,32
autosave01_02_2012_09_22_30.jpg,689,386,18,20,5_16,77,9
autosave01_02_2012_09_22_31.jpg,689,386,17,20,5_16,77,9
autosave01_02_2012_09_22_32.jpg,696,375,17,20,5_16,77,9
autosave01_02_2012_09_22_33.jpg,707,371,19,22,5_16,77,9
autosave01_02_2012_09_22_34.jpg,722,371,18,24,5_16,77,9
autosave01_02_2012_09_22_35.jpg,736,361,19,25,5_16,77,9
autosave01_02_2012_09_22_36.jpg,755,346,24,30,5_16,77,9
autosave01_02_2012_09_22_37.jpg,779,335,26,35,5_16,77,9
autosave01_02_2012_09_22_37.jpg,660,384,16,19,5_15_3,78,33
autosave01_02_2012_09_22_38.jpg,807,324,30,41,5_16,77,9
autosave01_02_2012_09_22_38.jpg,661,385,16,19,5_15_3,78,33
autosave01_02_2012_09_22_39.jpg,863,294,40,54,5_16,77,9
autosave01_02_2012_09_22_40.jpg,981,214,60,81,5_16,77,9
autosave01_02_2012_09_22_41.jpg,685,358,24,25,5_15_3,78,33
autosave01_02_2012_09_22_42.jpg,710,338,38,35,5_15_3,78,33
autosave01_02_2012_09_22_43.jpg,761,293,49,47,5_15_3,78,33
autosave01_02_2012_09_22_44.jpg,871,213,79,71,5_15_3,78,33
autosave01_02_2012_09_22_47.jpg,651,382,16,19,7_3,79,34
autosave01_02_2012_09_22_48.jpg,661,380,17,23,7_3,79,34
autosave01_02_2012_09_22_49.jpg,672,370,19,25,7_3,79,34
autosave01_02_2012_09_22_50.jpg,686,369,20,28,7_3,79,34
autosave01_02_2012_09_22_51.jpg,704,364,24,34,7_3,79,34
autosave01_02_2012_09_22_52.jpg,726,346,30,42,7_3,79,34
autosave01_02_2012_09_22_53.jpg,771,317,38,51,7_3,79,34
autosave01_02_2012_09_22_54.jpg,851,273,53,70,7_3,79,34
autosave01_02_2012_09_22_55.jpg,971,198,85,109,7_3,79,34
autosave01_02_2012_09_22_58.jpg,669,375,18,23,4_2_3,80,23
autosave01_02_2012_09_22_59.jpg,699,369,23,24,4_2_3,80,23
autosave01_02_2012_09_23_00.jpg,730,359,25,27,4_2_3,80,23
autosave01_02_2012_09_23_01.jpg,753,347,29,30,4_2_3,80,23
autosave01_02_2012_09_23_02.jpg,776,334,34,37,4_2_3,80,23
autosave01_02_2012_09_23_03.jpg,798,318,43,41,4_2_3,80,23
autosave01_02_2012_09_23_04.jpg,833,290,51,52,4_2_3,80,23
autosave01_02_2012_09_23_05.jpg,888,260,64,65,4_2_3,80,23
autosave01_02_2012_09_23_06.jpg,1013,175,94,93,4_2_3,80,23
autosave01_02_2012_09_23_43.jpg,881,375,17,20,5_19_1,81,8
autosave01_02_2012_09_23_44.jpg,911,370,17,23,5_19_1,81,8
autosave01_02_2012_09_23_44.jpg,711,389,18,19,3_27,82,27
autosave01_02_2012_09_23_45.jpg,722,388,16,18,3_27,82,27
autosave01_02_2012_09_23_46.jpg,732,378,19,20,3_27,82,27
autosave01_02_2012_09_23_47.jpg,1050,346,22,30,5_19_1,81,8
autosave01_02_2012_09_23_47.jpg,743,383,19,20,3_27,82,27
autosave01_02_2012_09_23_48.jpg,1135,318,26,40,5_19_1,81,8
autosave01_02_2012_09_23_48.jpg,759,369,19,20,3_27,82,27
autosave01_02_2012_09_23_49.jpg,1256,298,23,46,5_19_1,81,8
autosave01_02_2012_09_23_49.jpg,786,364,22,23,3_27,82,27
autosave01_02_2012_09_23_50.jpg,814,362,25,25,3_27,82,27
autosave01_02_2012_09_23_50.jpg,907,355,16,20,2_4,83,14
autosave01_02_2012_09_23_51.jpg,825,363,25,25,3_27,82,27
autosave01_02_2012_09_23_55.jpg,881,337,33,34,3_27,82,27
autosave01_02_2012_09_23_55.jpg,1027,324,19,29,2_4,83,14
autosave01_02_2012_09_23_56.jpg,916,331,38,36,3_27,82,27
autosave01_02_2012_09_23_56.jpg,1082,315,21,31,2_4,83,14
autosave01_02_2012_09_23_57.jpg,968,310,41,41,3_27,82,27
autosave01_02_2012_09_23_57.jpg,1162,291,20,31,2_4,83,14
autosave01_02_2012_09_23_58.jpg,1018,297,44,45,3_27,82,27
autosave01_02_2012_09_23_58.jpg,1246,274,21,39,2_4,83,14
autosave01_02_2012_09_23_59.jpg,1055,280,52,51,3_27,82,27
autosave01_02_2012_09_24_00.jpg,1090,273,54,53,3_27,82,27
autosave01_02_2012_09_24_02.jpg,1131,261,58,59,3_27,82,27
autosave01_02_2012_09_24_03.jpg,1149,258,61,62,3_27,82,27
autosave01_02_2012_09_24_05.jpg,1198,239,69,72,3_27,82,27
autosave01_02_2012_09_24_06.jpg,1195,243,66,67,3_27,82,27
autosave01_02_2012_09_24_07.jpg,1195,243,66,67,3_27,82,27
autosave01_02_2012_09_24_09.jpg,1195,243,66,67,3_27,82,27
autosave01_02_2012_09_24_10.jpg,1195,243,66,67,3_27,82,27
autosave01_02_2012_09_24_12.jpg,1195,243,66,67,3_27,82,27
autosave01_02_2012_09_24_15.jpg,1195,243,66,67,3_27,82,27
autosave01_02_2012_09_24_16.jpg,1195,243,66,67,3_27,82,27
autosave01_02_2012_09_24_18.jpg,1195,243,66,67,3_27,82,27
autosave01_02_2012_09_26_02.jpg,705,380,16,17,5_15_5,84,26
autosave01_02_2012_09_26_03.jpg,678,393,16,17,5_15_5,84,26
autosave01_02_2012_09_26_04.jpg,496,406,19,21,5_15_5,84,26
autosave01_02_2012_09_26_05.jpg,547,382,23,26,5_15_5,84,26
autosave01_02_2012_09_26_06.jpg,690,337,29,33,5_15_5,84,26
autosave01_02_2012_09_26_06.jpg,601,387,17,16,1_19,85,35
autosave01_02_2012_09_26_07.jpg,790,294,44,43,5_15_5,84,26
autosave01_02_2012_09_26_07.jpg,645,377,18,17,1_19,85,35
autosave01_02_2012_09_26_08.jpg,933,205,74,72,5_15_5,84,26
autosave01_02_2012_09_26_08.jpg,664,367,19,20,1_19,85,35
autosave01_02_2012_09_26_09.jpg,683,355,22,23,1_19,85,35
autosave01_02_2012_09_26_10.jpg,700,343,25,25,1_19,85,35
autosave01_02_2012_09_26_11.jpg,713,332,31,30,1_19,85,35
autosave01_02_2012_09_26_12.jpg,724,331,33,32,1_19,85,35
autosave01_02_2012_09_26_12.jpg,729,369,33,18,8_2_1,86,5
autosave01_02_2012_09_26_13.jpg,733,328,33,32,1_19,85,35
autosave01_02_2012_09_26_13.jpg,733,366,37,20,8_2_1,86,5
autosave01_02_2012_09_26_14.jpg,737,328,33,30,1_19,85,35
autosave01_02_2012_09_26_14.jpg,739,365,42,21,8_2_1,86,5
autosave01_02_2012_09_26_15.jpg,739,326,38,35,1_19,85,35
autosave01_02_2012_09_26_15.jpg,740,365,42,21,8_2_1,86,5
autosave01_02_2012_09_26_16.jpg,745,321,37,37,1_19,85,35
autosave01_02_2012_09_26_16.jpg,745,363,43,23,8_2_1,86,5
autosave01_02_2012_09_26_17.jpg,745,321,37,37,1_19,85,35
autosave01_02_2012_09_26_17.jpg,745,363,43,23,8_2_1,86,5
autosave01_02_2012_09_26_18.jpg,747,318,39,41,1_19,85,35
autosave01_02_2012_09_26_18.jpg,750,363,42,21,8_2_1,86,5
autosave01_02_2012_09_26_19.jpg,752,317,37,36,1_19,85,35
autosave01_02_2012_09_26_20.jpg,756,316,37,36,1_19,85,35
autosave01_02_2012_09_26_21.jpg,756,316,37,36,1_19,85,35
autosave01_02_2012_09_26_22.jpg,756,316,37,36,1_19,85,35
autosave01_02_2012_09_26_24.jpg,758,316,37,36,1_19,85,35
autosave01_02_2012_09_26_25.jpg,761,316,37,36,1_19,85,35
autosave01_02_2012_09_26_26.jpg,764,316,37,36,1_19,85,35
autosave01_02_2012_09_26_27.jpg,764,316,40,37,1_19,85,35
autosave01_02_2012_09_26_28.jpg,764,316,40,37,1_19,85,35
autosave01_02_2012_09_26_28.jpg,767,360,41,20,8_2_1,86,5
autosave01_02_2012_09_26_29.jpg,764,303,42,42,1_19,85,35
autosave01_02_2012_09_26_29.jpg,767,356,43,21,8_2_1,86,5
autosave01_02_2012_09_26_30.jpg,769,306,44,42,1_19,85,35
autosave01_02_2012_09_26_30.jpg,770,356,47,26,8_2_1,86,5
autosave01_02_2012_09_26_31.jpg,793,276,49,51,1_19,85,35
autosave01_02_2012_09_26_31.jpg,797,338,50,26,8_2_1,86,5
autosave01_02_2012_09_26_32.jpg,841,241,58,60,1_19,85,35
autosave01_02_2012_09_26_32.jpg,842,317,62,32,8_2_1,86,5
autosave01_02_2012_09_26_33.jpg,904,198,75,73,1_19,85,35
autosave01_02_2012_09_26_33.jpg,904,293,78,35,8_2_1,86,5
autosave01_02_2012_09_26_34.jpg,982,143,98,92,1_19,85,35
autosave01_02_2012_09_26_34.jpg,990,256,100,51,8_2_1,86,5
autosave01_02_2012_09_26_35.jpg,1127,62,104,115,1_19,85,35
autosave01_02_2012_09_26_48.jpg,684,358,34,36,3_27,87,27
autosave01_02_2012_09_26_49.jpg,702,348,39,41,3_27,87,27
autosave01_02_2012_09_26_50.jpg,745,339,43,45,3_27,87,27
autosave01_02_2012_09_26_51.jpg,770,328,51,50,3_27,87,27
autosave01_02_2012_09_26_52.jpg,795,305,58,60,3_27,87,27
autosave01_02_2012_09_26_53.jpg,840,264,77,79,3_27,87,27
autosave01_02_2012_09_26_54.jpg,953,188,120,112,3_27,87,27
autosave01_02_2012_09_27_52.jpg,688,373,19,19,6_4,88,36
autosave01_02_2012_09_27_53.jpg,694,368,19,20,6_4,88,36
autosave01_02_2012_09_27_54.jpg,701,363,20,21,6_4,88,36
autosave01_02_2012_09_27_55.jpg,705,358,22,23,6_4,88,36
autosave01_02_2012_09_27_56.jpg,713,352,24,24,6_4,88,36
autosave01_02_2012_09_27_57.jpg,727,341,28,27,6_4,88,36
autosave01_02_2012_09_27_58.jpg,743,329,30,30,6_4,88,36
autosave01_02_2012_09_27_59.jpg,757,321,32,30,6_4,88,36
autosave01_02_2012_09_28_00.jpg,770,320,30,30,6_4,88,36
autosave01_02_2012_09_28_01.jpg,778,313,34,34,6_4,88,36
autosave01_02_2012_09_28_01.jpg,782,349,26,16,8_1_4,89,37
autosave01_02_2012_09_28_02.jpg,786,311,34,34,6_4,88,36
autosave01_02_2012_09_28_02.jpg,789,348,25,16,8_1_4,89,37
autosave01_02_2012_09_28_03.jpg,789,305,39,37,6_4,88,36
autosave01_02_2012_09_28_03.jpg,795,345,27,16,8_1_4,89,37
autosave01_02_2012_09_28_04.jpg,792,307,38,36,6_4,88,36
autosave01_02_2012_09_28_04.jpg,799,346,26,16,8_1_4,89,37
autosave01_02_2012_09_28_05.jpg,796,303,38,36,6_4,88,36
autosave01_02_2012_09_28_05.jpg,802,343,26,16,8_1_4,89,37
autosave01_02_2012_09_28_06.jpg,796,303,38,36,6_4,88,36
autosave01_02_2012_09_28_06.jpg,802,343,26,16,8_1_4,89,37
autosave01_02_2012_09_28_07.jpg,798,306,35,35,6_4,88,36
autosave01_02_2012_09_28_07.jpg,801,346,26,16,8_1_4,89,37
autosave01_02_2012_09_28_08.jpg,797,307,35,35,6_4,88,36
autosave01_02_2012_09_28_08.jpg,801,345,26,16,8_1_4,89,37
autosave01_02_2012_09_28_09.jpg,797,305,35,35,6_4,88,36
autosave01_02_2012_09_28_09.jpg,801,345,26,16,8_1_4,89,37
autosave01_02_2012_09_28_10.jpg,798,305,35,35,6_4,88,36
autosave01_02_2012_09_28_10.jpg,803,345,26,16,8_1_4,89,37
autosave01_02_2012_09_28_12.jpg,798,305,35,35,6_4,88,36
autosave01_02_2012_09_28_12.jpg,803,345,26,16,8_1_4,89,37
autosave01_02_2012_09_28_14.jpg,800,310,33,34,6_4,88,36
autosave01_02_2012_09_28_15.jpg,802,305,37,36,6_4,88,36
autosave01_02_2012_09_28_15.jpg,807,344,28,17,8_1_4,89,37
autosave01_02_2012_09_28_16.jpg,808,302,38,36,6_4,88,36
autosave01_02_2012_09_28_16.jpg,812,342,28,18,8_1_4,89,37
autosave01_02_2012_09_28_18.jpg,815,296,41,39,6_4,88,36
autosave01_02_2012_09_28_18.jpg,822,338,29,19,8_1_4,89,37
autosave01_02_2012_09_28_19.jpg,816,296,41,39,6_4,88,36
autosave01_02_2012_09_28_19.jpg,823,338,29,19,8_1_4,89,37
autosave01_02_2012_09_28_20.jpg,959,201,75,70,6_4,88,36
autosave01_02_2012_09_28_20.jpg,966,275,63,35,8_1_4,89,37
autosave01_02_2012_09_28_20.jpg,973,313,54,30,8_8,90,38
autosave01_02_2012_09_28_21.jpg,953,204,73,70,6_4,88,36
autosave01_02_2012_09_28_21.jpg,961,273,63,36,8_1_4,89,37
autosave01_02_2012_09_28_21.jpg,966,312,54,35,8_8,90,38
autosave01_02_2012_09_28_25.jpg,827,288,44,44,6_4,88,36
autosave01_02_2012_09_28_25.jpg,831,336,34,19,8_1_4,89,37
autosave01_02_2012_09_28_26.jpg,839,279,47,46,6_4,88,36
autosave01_02_2012_09_28_26.jpg,845,327,37,22,8_1_4,89,37
autosave01_02_2012_09_28_26.jpg,849,352,30,21,8_8,90,38
autosave01_02_2012_09_28_27.jpg,863,265,52,50,6_4,88,36
autosave01_02_2012_09_28_27.jpg,868,318,40,25,8_1_4,89,37
autosave01_02_2012_09_28_27.jpg,874,346,33,23,8_8,90,38
autosave01_02_2012_09_28_28.jpg,908,237,63,60,6_4,88,36
autosave01_02_2012_09_28_28.jpg,915,299,50,31,8_1_4,89,37
autosave01_02_2012_09_28_28.jpg,920,332,44,29,8_8,90,38
autosave01_02_2012_09_28_29.jpg,976,193,80,72,6_4,88,36
autosave01_02_2012_09_28_29.jpg,982,267,66,36,8_1_4,89,37
autosave01_02_2012_09_28_29.jpg,989,308,57,36,8_8,90,38
autosave01_02_2012_09_28_30.jpg,1120,102,107,97,6_4,88,36
autosave01_02_2012_09_28_30.jpg,1129,201,99,53,8_1_4,89,37
autosave01_02_2012_09_28_30.jpg,1138,256,90,45,8_8,90,38
autosave01_02_2012_09_28_46.jpg,687,392,17,16,2_1,91,1
autosave01_02_2012_09_28_47.jpg,696,389,18,18,2_1,91,1
autosave01_02_2012_09_28_48.jpg,709,384,20,21,2_1,91,1
autosave01_02_2012_09_28_49.jpg,725,376,22,25,2_1,91,1
autosave01_02_2012_09_28_50.jpg,745,373,26,27,2_1,91,1
autosave01_02_2012_09_28_51.jpg,771,366,32,33,2_1,91,1
autosave01_02_2012_09_28_52.jpg,815,346,42,42,2_1,91,1
autosave01_02_2012_09_28_53.jpg,893,319,58,57,2_1,91,1
autosave01_02_2012_09_28_53.jpg,889,377,70,23,6_16,92,11
autosave01_02_2012_09_28_54.jpg,1102,230,100,99,2_1,91,1
autosave01_02_2012_09_28_54.jpg,1101,334,118,34,6_16,92,11
autosave01_02_2012_09_29_08.jpg,737,389,19,19,5_19_1,93,8
autosave01_02_2012_09_29_09.jpg,822,371,24,26,5_19_1,93,8
autosave01_02_2012_09_29_10.jpg,863,358,29,28,5_19_1,93,8
autosave01_02_2012_09_29_12.jpg,887,203,35,47,5_16,94,9
autosave01_02_2012_09_29_12.jpg,704,365,28,25,1_15,95,28
autosave01_02_2012_09_29_13.jpg,778,318,48,45,1_15,95,28
autosave01_02_2012_09_29_19.jpg,878,317,35,34,1_16,96,39
autosave01_02_2012_09_29_19.jpg,879,354,35,16,8_1_1,97,31
autosave01_02_2012_09_29_20.jpg,953,287,45,41,1_16,96,39
autosave01_02_2012_09_29_20.jpg,953,332,45,21,8_1_1,97,31
autosave01_02_2012_09_29_37.jpg,849,323,46,42,1_11_1,98,40
autosave01_02_2012_09_29_38.jpg,935,292,60,53,1_11_1,98,40
autosave01_02_2012_09_29_57.jpg,821,369,25,24,2_1,99,1
autosave01_02_2012_09_29_58.jpg,937,340,39,38,2_1,99,1
autosave01_02_2012_09_30_00.jpg,820,363,21,21,6_6,100,41
autosave01_02_2012_09_30_01.jpg,1022,280,45,41,6_6,100,41
autosave01_02_2012_09_30_03.jpg,1055,292,21,29,5_16,101,9
autosave01_02_2012_09_30_28.jpg,829,322,16,21,5_16,102,9
autosave01_02_2012_09_30_28.jpg,751,382,20,22,2_1,103,1
autosave01_02_2012_09_30_29.jpg,921,325,42,40,2_1,103,1
autosave01_02_2012_09_30_30.jpg,1193,265,73,71,2_1,103,1
autosave01_02_2012_09_30_31.jpg,1011,331,38,35,5_19_1,104,8
autosave01_02_2012_09_30_32.jpg,1088,318,45,43,5_19_1,104,8
autosave01_02_2012_09_30_33.jpg,821,368,22,20,1_19,105,35
autosave01_02_2012_09_30_34.jpg,992,324,39,37,1_19,105,35
autosave01_02_2012_09_30_47.jpg,802,375,34,18,5_15_1,106,42
autosave01_02_2012_09_30_49.jpg,1012,324,65,35,5_15_1,106,42
autosave01_02_2012_09_30_49.jpg,736,377,17,18,2_1,107,1
autosave01_02_2012_09_30_50.jpg,1115,305,80,43,5_15_1,106,42
autosave01_02_2012_09_30_50.jpg,750,379,18,18,2_1,107,1
autosave01_02_2012_09_30_51.jpg,784,369,23,23,2_1,107,1
autosave01_02_2012_09_30_52.jpg,830,361,26,27,2_1,107,1
autosave01_02_2012_09_30_53.jpg,893,331,33,34,2_1,107,1
autosave01_02_2012_09_30_54.jpg,987,315,43,44,2_1,107,1
autosave01_02_2012_09_30_54.jpg,985,363,49,16,6_16,108,11
autosave01_02_2012_09_30_55.jpg,1125,275,55,57,2_1,107,1
autosave01_02_2012_09_30_55.jpg,1123,337,68,23,6_16,108,11
autosave01_02_2012_09_31_04.jpg,869,365,21,21,6_7,109,32
autosave01_02_2012_09_31_05.jpg,921,344,26,26,6_7,109,32
autosave01_02_2012_09_31_06.jpg,965,338,29,29,6_7,109,32
autosave01_02_2012_09_31_07.jpg,1027,323,33,32,6_7,109,32
autosave01_02_2012_09_31_08.jpg,1090,305,42,38,6_7,109,32
autosave01_02_2012_09_31_09.jpg,1146,297,45,40,6_7,109,32
autosave01_02_2012_09_31_10.jpg,1191,288,48,44,6_7,109,32
autosave01_02_2012_09_31_11.jpg,1216,278,56,51,6_7,109,32
autosave01_02_2012_09_31_12.jpg,1216,278,58,56,6_7,109,32
autosave01_02_2012_09_31_14.jpg,1216,278,58,56,6_7,109,32
autosave01_02_2012_09_31_15.jpg,1216,278,58,56,6_7,109,32
autosave01_02_2012_09_31_16.jpg,1216,278,58,56,6_7,109,32
autosave01_02_2012_09_31_17.jpg,1216,278,58,56,6_7,109,32
autosave01_02_2012_09_31_18.jpg,1216,278,58,56,6_7,109,32
autosave01_02_2012_09_31_19.jpg,1220,282,56,52,6_7,109,32
autosave01_02_2012_09_31_20.jpg,1220,282,56,52,6_7,109,32
autosave01_02_2012_09_31_21.jpg,1220,282,56,52,6_7,109,32
autosave01_02_2012_09_31_22.jpg,1220,282,56,52,6_7,109,32
autosave01_02_2012_09_31_23.jpg,1220,282,56,52,6_7,109,32
autosave01_02_2012_09_31_24.jpg,1220,282,56,52,6_7,109,32
autosave01_02_2012_09_31_25.jpg,1220,282,56,52,6_7,109,32
autosave01_02_2012_09_31_26.jpg,1220,282,56,52,6_7,109,32
autosave01_02_2012_09_31_27.jpg,1220,282,56,52,6_7,109,32
autosave01_02_2012_09_31_28.jpg,1220,282,56,52,6_7,109,32
autosave01_02_2012_09_31_29.jpg,1220,282,56,52,6_7,109,32
autosave01_02_2012_09_31_30.jpg,1220,282,56,52,6_7,109,32
autosave01_02_2012_09_31_31.jpg,1220,282,56,52,6_7,109,32
autosave01_02_2012_09_31_32.jpg,1226,282,50,52,6_7,109,32
autosave01_02_2012_09_31_33.jpg,1234,279,45,49,6_7,109,32
autosave01_02_2012_09_31_36.jpg,719,396,16,23,7_2,110,43
autosave01_02_2012_09_31_37.jpg,722,389,17,23,7_2,110,43
autosave01_02_2012_09_31_38.jpg,728,383,18,24,7_2,110,43
autosave01_02_2012_09_31_49.jpg,892,338,35,47,7_2,110,43
autosave01_02_2012_09_31_50.jpg,925,328,39,48,7_2,110,43
autosave01_02_2012_09_31_51.jpg,1165,314,52,61,7_2,110,43
autosave01_02_2012_09_32_18.jpg,967,321,17,23,5_16,111,9
autosave01_02_2012_09_32_19.jpg,1011,314,19,25,5_16,111,9
autosave01_02_2012_09_32_20.jpg,1076,287,22,29,5_16,111,9
autosave01_02_2012_09_32_21.jpg,1154,265,23,31,5_16,111,9
autosave01_02_2012_09_32_24.jpg,1052,348,28,25,3_27,112,27
autosave01_02_2012_09_32_25.jpg,1125,327,32,30,3_27,112,27
autosave01_02_2012_09_32_26.jpg,1225,307,34,35,3_27,112,27
autosave01_02_2012_09_33_49.jpg,798,388,21,22,6_6,113,41
autosave01_02_2012_09_33_50.jpg,824,364,16,19,5_16,114,9
autosave01_02_2012_09_33_51.jpg,848,359,16,19,5_16,114,9
autosave01_02_2012_09_34_06.jpg,730,383,34,16,5_15_1,115,42
autosave01_02_2012_09_34_07.jpg,736,383,36,18,5_15_1,115,42
autosave01_02_2012_09_34_07.jpg,715,379,16,16,2_1,116,1
autosave01_02_2012_09_34_08.jpg,744,383,37,18,5_15_1,115,42
autosave01_02_2012_09_34_08.jpg,720,380,16,16,2_1,116,1
autosave01_02_2012_09_34_14.jpg,941,335,77,37,5_15_1,115,42
autosave01_02_2012_09_34_14.jpg,836,349,28,29,2_1,116,1
autosave01_02_2012_09_34_14.jpg,633,316,19,19,5_15_2,117,44
autosave01_02_2012_09_34_14.jpg,553,332,20,19,5_15_2,118,44
autosave01_02_2012_09_34_14.jpg,496,340,22,20,5_15_2,119,44
autosave01_02_2012_09_34_15.jpg,1079,286,107,55,5_15_1,115,42
autosave01_02_2012_09_34_15.jpg,892,319,37,39,2_1,116,1
autosave01_02_2012_09_34_15.jpg,642,291,20,21,5_15_2,117,44
autosave01_02_2012_09_34_15.jpg,549,309,22,22,5_15_2,118,44
autosave01_02_2012_09_34_15.jpg,482,317,25,23,5_15_2,119,44
autosave01_02_2012_09_34_15.jpg,812,366,23,32,7_12,120,45
autosave01_02_2012_09_34_16.jpg,984,297,45,49,2_1,116,1
autosave01_02_2012_09_34_16.jpg,980,348,54,18,6_16,121,11
autosave01_02_2012_09_34_16.jpg,654,273,25,25,5_15_2,117,44
autosave01_02_2012_09_34_16.jpg,546,294,25,26,5_15_2,118,44
autosave01_02_2012_09_34_16.jpg,468,304,27,25,5_15_2,119,44
autosave01_02_2012_09_34_16.jpg,859,361,31,42,7_12,120,45
autosave01_02_2012_09_34_17.jpg,1141,241,61,70,2_1,116,1
autosave01_02_2012_09_34_17.jpg,1135,314,76,24,6_16,121,11
autosave01_02_2012_09_34_17.jpg,670,239,29,28,5_15_2,117,44
autosave01_02_2012_09_34_17.jpg,539,262,32,31,5_15_2,118,44
autosave01_02_2012_09_34_17.jpg,446,273,31,31,5_15_2,119,44
autosave01_02_2012_09_34_17.jpg,932,342,36,50,7_12,120,45
autosave01_02_2012_09_34_18.jpg,696,180,38,37,5_15_2,117,44
autosave01_02_2012_09_34_18.jpg,526,210,41,41,5_15_2,118,44
autosave01_02_2012_09_34_18.jpg,405,225,41,39,5_15_2,119,44
autosave01_02_2012_09_34_18.jpg,1064,308,51,70,7_12,120,45
autosave01_02_2012_09_34_25.jpg,1079,330,30,28,5_19_1,122,8
autosave01_02_2012_09_34_26.jpg,558,399,18,20,4_2_1,123,16
autosave01_02_2012_09_34_27.jpg,502,380,26,29,4_2_1,123,16
autosave01_02_2012_09_34_28.jpg,409,342,45,48,4_2_1,123,16
autosave01_02_2012_09_34_35.jpg,1104,314,25,25,2_1,124,1
autosave01_02_2012_09_34_35.jpg,1109,342,20,17,3_18,125,46
autosave01_02_2012_09_34_35.jpg,1116,363,17,18,5_6,126,47
autosave01_02_2012_09_34_38.jpg,848,363,20,21,3_27,127,27
autosave01_02_2012_09_34_39.jpg,964,336,29,30,3_27,127,27
autosave01_02_2012_09_34_48.jpg,1208,249,51,69,7_3,128,34
autosave01_02_2012_09_34_53.jpg,757,349,18,20,2_1,129,1
autosave01_02_2012_09_34_53.jpg,761,370,18,24,7_3,130,34
autosave01_02_2012_09_34_54.jpg,827,315,28,31,2_1,129,1
autosave01_02_2012_09_34_54.jpg,833,350,24,33,7_3,130,34
autosave01_02_2012_09_35_02.jpg,771,386,17,17,2_1,131,1
autosave01_02_2012_09_35_03.jpg,812,373,22,23,2_1,131,1
autosave01_02_2012_09_35_04.jpg,902,344,32,34,2_1,131,1
autosave01_02_2012_09_35_05.jpg,1092,308,50,55,2_1,131,1
autosave01_02_2012_09_35_05.jpg,800,361,17,20,6_4,132,36
autosave01_02_2012_09_35_06.jpg,861,343,23,24,6_4,132,36
autosave01_02_2012_09_35_07.jpg,977,295,35,35,6_4,132,36
autosave01_02_2012_09_35_07.jpg,976,332,38,17,8_8,133,38
autosave01_02_2012_09_35_41.jpg,822,392,35,18,5_15_1,134,42
autosave01_02_2012_09_35_42.jpg,905,372,44,24,5_15_1,134,42
autosave01_02_2012_09_35_54.jpg,790,362,20,20,2_1,135,1
autosave01_02_2012_09_35_55.jpg,844,344,25,27,2_1,135,1
autosave01_02_2012_09_35_56.jpg,942,323,33,34,2_1,135,1
autosave01_02_2012_09_35_56.jpg,875,365,16,21,7_3,136,34
autosave01_02_2012_09_35_57.jpg,1181,325,71,29,6_16,137,11
autosave01_02_2012_09_35_58.jpg,1179,314,34,43,7_3,136,34
autosave01_02_2012_09_36_13.jpg,796,349,19,20,4_2_3,138,23
autosave01_02_2012_09_36_14.jpg,937,295,30,34,4_2_3,138,23
autosave01_02_2012_09_36_32.jpg,924,317,18,19,6_4,139,36
autosave01_02_2012_09_36_33.jpg,1077,275,25,25,6_4,139,36
autosave01_02_2012_09_36_33.jpg,1120,326,17,16,6_4,140,36
autosave01_02_2012_09_37_30.jpg,842,385,17,18,2_1,141,1
autosave01_02_2012_09_37_31.jpg,851,389,17,18,2_1,141,1
autosave01_02_2012_09_37_32.jpg,865,387,19,19,2_1,141,1
autosave01_02_2012_09_37_33.jpg,896,372,21,20,2_1,141,1
autosave01_02_2012_09_37_34.jpg,933,355,24,21,2_1,141,1
autosave01_02_2012_09_37_35.jpg,989,358,29,26,2_1,141,1
autosave01_02_2012_09_37_36.jpg,1079,333,37,31,2_1,141,1
autosave01_02_2012_09_37_37.jpg,1242,304,37,45,2_1,141,1
autosave01_02_2012_09_37_39.jpg,489,407,16,17,4_2_1,142,16
autosave01_02_2012_09_37_40.jpg,440,390,21,22,4_2_1,142,16
autosave01_02_2012_09_37_41.jpg,373,382,27,28,4_2_1,142,16
autosave01_02_2012_09_37_42.jpg,256,343,47,45,4_2_1,142,16
autosave01_02_2012_09_37_43.jpg,1193,53,50,60,5_16,143,9
autosave01_02_2012_09_37_43.jpg,1203,122,53,48,6_6,144,41
autosave01_02_2012_09_37_53.jpg,726,378,50,29,5_15_1,145,42
autosave01_02_2012_09_37_55.jpg,735,364,73,38,5_15_1,145,42
autosave01_02_2012_09_37_56.jpg,847,306,106,56,5_15_1,145,42
autosave01_02_2012_09_37_57.jpg,1067,226,164,92,5_15_1,145,42
autosave01_02_2012_09_38_40.jpg,459,315,24,24,5_15_2,146,44
autosave01_02_2012_09_38_40.jpg,375,327,22,22,5_15_2,147,44
autosave01_02_2012_09_38_41.jpg,447,295,27,26,5_15_2,146,44
autosave01_02_2012_09_38_41.jpg,351,307,25,25,5_15_2,147,44
autosave01_02_2012_09_38_42.jpg,432,270,32,30,5_15_2,146,44
autosave01_02_2012_09_38_42.jpg,319,285,30,28,5_15_2,147,44
autosave01_02_2012_09_38_43.jpg,414,249,36,36,5_15_2,146,44
autosave01_02_2012_09_38_43.jpg,280,266,36,35,5_15_2,147,44
autosave01_02_2012_09_38_44.jpg,371,193,47,44,5_15_2,146,44
autosave01_02_2012_09_38_44.jpg,199,212,48,45,5_15_2,147,44
autosave01_02_2012_09_38_45.jpg,280,97,69,62,5_15_2,146,44
autosave01_02_2012_09_38_45.jpg,35,122,68,65,5_15_2,147,44
autosave01_02_2012_09_38_45.jpg,520,59,65,61,5_5,148,48
autosave01_02_2012_09_38_45.jpg,782,393,46,19,6_16,149,11
autosave01_02_2012_09_38_46.jpg,846,380,56,20,6_16,149,11
autosave01_02_2012_09_38_47.jpg,997,350,83,30,6_16,149,11
autosave01_02_2012_09_38_51.jpg,335,368,33,33,4_2_1,150,16
autosave01_02_2012_09_38_52.jpg,26,318,70,66,4_2_1,150,16
autosave01_02_2012_09_39_13.jpg,969,306,19,26,5_16,151,9
autosave01_02_2012_09_39_16.jpg,768,381,18,18,6_7,152,32
autosave01_02_2012_09_39_17.jpg,918,342,31,32,6_7,152,32
autosave01_02_2012_09_39_32.jpg,703,386,21,20,2_1,153,1
autosave01_02_2012_09_39_33.jpg,712,349,18,28,7_4,154,49
autosave01_02_2012_09_39_33.jpg,713,378,20,26,7_3,155,34
autosave01_02_2012_09_39_33.jpg,784,349,37,39,2_1,153,1
autosave01_02_2012_09_39_34.jpg,807,295,33,45,7_4,154,49
autosave01_02_2012_09_39_34.jpg,810,341,34,47,7_3,155,34
autosave01_02_2012_09_39_41.jpg,811,321,16,21,5_16,156,9
autosave01_02_2012_09_39_42.jpg,974,244,30,38,5_16,156,9
autosave01_02_2012_09_39_43.jpg,745,383,16,22,7_3,157,34
autosave01_02_2012_09_39_44.jpg,820,353,25,37,7_3,157,34
autosave01_02_2012_09_39_45.jpg,1136,246,63,81,7_3,157,34
autosave01_02_2012_09_39_48.jpg,802,348,25,25,4_1_1,158,24
autosave01_02_2012_09_39_57.jpg,885,336,24,25,2_4,159,14
autosave01_02_2012_09_39_57.jpg,888,365,23,24,4_1_2,160,50
autosave01_02_2012_09_40_01.jpg,917,301,39,41,3_27,161,27
autosave01_02_2012_09_40_01.jpg,931,344,23,38,8_2_2,162,51
autosave01_02_2012_09_40_19.jpg,835,364,29,27,1_23,163,2
autosave01_02_2012_09_40_20.jpg,1103,307,62,53,1_23,163,2
autosave01_02_2012_09_40_20.jpg,705,385,38,20,5_15_1,164,42
autosave01_02_2012_09_40_21.jpg,769,363,55,29,5_15_1,164,42
autosave01_02_2012_09_40_22.jpg,961,304,109,56,5_15_1,164,42
autosave01_02_2012_09_40_23.jpg,800,377,25,25,5_15_3,165,33
autosave01_02_2012_09_40_24.jpg,978,320,46,45,5_15_3,165,33
autosave01_02_2012_09_40_24.jpg,715,389,17,17,1_23,166,2
autosave01_02_2012_09_40_25.jpg,780,373,22,23,1_23,166,2
autosave01_02_2012_09_40_25.jpg,682,391,18,18,2_1,167,1
autosave01_02_2012_09_40_26.jpg,917,335,41,40,1_23,166,2
autosave01_02_2012_09_40_26.jpg,920,377,36,16,8_2_1,168,5
autosave01_02_2012_09_40_26.jpg,720,381,24,25,2_1,167,1
autosave01_02_2012_09_40_27.jpg,813,346,40,40,2_1,167,1
autosave01_02_2012_09_40_27.jpg,814,387,46,17,6_16,169,11
autosave01_02_2012_09_40_29.jpg,763,353,27,27,5_19_1,170,8
autosave01_02_2012_09_40_30.jpg,818,286,21,29,5_16,171,9
autosave01_02_2012_09_40_31.jpg,833,277,26,36,5_16,171,9
autosave01_02_2012_09_40_33.jpg,722,393,17,18,5_15_5,172,26
autosave01_02_2012_09_40_34.jpg,824,368,25,25,5_15_5,172,26
autosave01_02_2012_09_40_35.jpg,1023,312,53,51,5_15_5,172,26
autosave01_02_2012_09_40_36.jpg,833,373,23,23,1_16,173,39
autosave01_02_2012_09_40_37.jpg,1066,309,53,51,1_16,173,39
autosave01_02_2012_09_40_45.jpg,817,386,21,27,7_11,174,52
autosave01_02_2012_09_42_12.jpg,703,398,16,18,2_1,175,1
autosave01_02_2012_09_42_13.jpg,719,396,16,18,2_1,175,1
autosave01_02_2012_09_42_14.jpg,736,382,18,20,2_1,175,1
autosave01_02_2012_09_42_15.jpg,750,376,19,21,2_1,175,1
autosave01_02_2012_09_42_16.jpg,762,376,23,22,2_1,175,1
autosave01_02_2012_09_42_17.jpg,774,373,22,23,2_1,175,1
autosave01_02_2012_09_42_18.jpg,784,373,24,28,2_1,175,1
autosave01_02_2012_09_42_19.jpg,797,368,28,27,2_1,175,1
autosave01_02_2012_09_42_20.jpg,816,358,32,31,2_1,175,1
autosave01_02_2012_09_42_21.jpg,852,342,33,34,2_1,175,1
autosave01_02_2012_09_42_22.jpg,898,337,40,39,2_1,175,1
autosave01_02_2012_09_42_22.jpg,841,366,45,17,6_16,176,11
autosave01_02_2012_09_42_23.jpg,971,313,47,49,2_1,175,1
autosave01_02_2012_09_42_23.jpg,895,352,54,18,6_16,176,11
autosave01_02_2012_09_42_24.jpg,1075,282,59,62,2_1,175,1
autosave01_02_2012_09_42_24.jpg,967,334,69,22,6_16,176,11
autosave01_02_2012_09_42_25.jpg,1078,305,97,32,6_16,176,11
autosave01_02_2012_09_42_29.jpg,776,358,24,25,2_1,177,1
autosave01_02_2012_09_42_29.jpg,781,384,19,20,5_5,178,48
autosave01_02_2012_09_42_30.jpg,818,342,29,29,2_1,177,1
autosave01_02_2012_09_42_30.jpg,824,374,21,22,5_5,178,48
autosave01_02_2012_09_42_31.jpg,878,318,34,34,2_1,177,1
autosave01_02_2012_09_42_31.jpg,886,355,26,30,5_5,178,48
autosave01_02_2012_09_42_31.jpg,838,368,18,20,2_4,179,14
autosave01_02_2012_09_42_32.jpg,1002,273,44,48,2_1,177,1
autosave01_02_2012_09_42_32.jpg,1011,327,36,42,5_5,178,48
autosave01_02_2012_09_42_32.jpg,890,358,20,20,2_4,179,14
autosave01_02_2012_09_42_32.jpg,893,382,19,21,4_1_2_1,180,29
autosave01_02_2012_09_42_33.jpg,988,367,22,28,4_1_2_1,180,29
autosave01_02_2012_09_42_34.jpg,1139,298,29,37,2_4,179,14
autosave01_02_2012_09_42_34.jpg,1146,339,29,37,4_1_2_1,180,29
autosave01_02_2012_09_42_35.jpg,775,384,23,23,5_19_1,181,8
autosave01_02_2012_09_42_36.jpg,874,353,34,31,5_19_1,181,8
autosave01_02_2012_09_42_37.jpg,1134,289,66,59,5_19_1,181,8
autosave01_02_2012_09_42_37.jpg,819,332,19,24,5_16,182,9
autosave01_02_2012_09_42_38.jpg,979,268,30,38,5_16,182,9
autosave01_02_2012_09_43_00.jpg,754,390,19,20,2_1,183,1
autosave01_02_2012_09_43_33.jpg,745,390,17,18,2_1,184,1
autosave01_02_2012_09_43_34.jpg,813,360,25,27,2_1,184,1
autosave01_02_2012_09_43_35.jpg,998,315,48,47,2_1,184,1
autosave01_02_2012_09_43_35.jpg,1198,332,81,31,6_16,185,11
autosave01_02_2012_09_43_37.jpg,877,289,30,28,5_19_1,186,8
autosave01_02_2012_09_43_37.jpg,975,270,23,34,5_16,187,9
autosave01_02_2012_09_43_39.jpg,878,359,25,25,3_27,188,27
autosave01_02_2012_09_44_13.jpg,808,376,21,22,5_19_1,189,8
autosave01_02_2012_09_44_14.jpg,952,343,38,35,5_19_1,189,8
autosave01_02_2012_09_44_14.jpg,865,324,17,23,5_16,190,9
autosave01_02_2012_09_44_15.jpg,1120,215,36,48,5_16,190,9
autosave01_02_2012_09_44_16.jpg,733,385,20,21,2_1,191,1
autosave01_02_2012_09_44_17.jpg,805,364,27,29,2_1,191,1
autosave01_02_2012_09_44_18.jpg,974,321,54,50,2_1,191,1
autosave01_02_2012_09_44_20.jpg,779,368,22,27,6_3_1,192,30
autosave01_02_2012_09_44_21.jpg,911,335,35,36,6_3_1,192,30
autosave01_02_2012_09_44_28.jpg,515,369,18,19,4_2_1,193,16
autosave01_02_2012_09_44_29.jpg,504,351,23,23,4_2_1,193,16
autosave01_02_2012_09_44_30.jpg,483,326,29,28,4_2_1,193,16
autosave01_02_2012_09_44_30.jpg,494,392,17,18,4_2_1,194,16
autosave01_02_2012_09_44_31.jpg,445,292,40,39,4_2_1,193,16
autosave01_02_2012_09_44_31.jpg,461,384,22,28,4_2_1,194,16
autosave01_02_2012_09_44_32.jpg,350,196,68,64,4_2_1,193,16
autosave01_02_2012_09_44_32.jpg,374,349,42,44,4_2_1,194,16
autosave01_02_2012_09_44_43.jpg,850,315,30,34,3_27,195,27
autosave01_02_2012_09_44_43.jpg,855,350,28,29,4_2_3,196,23
autosave01_02_2012_09_44_43.jpg,1153,344,25,27,3_4_1,197,21
autosave01_02_2012_09_44_43.jpg,1154,371,28,25,1_16,198,39
autosave01_02_2012_09_44_43.jpg,1159,395,24,24,3_24_n5,199,53
autosave01_02_2012_09_44_44.jpg,979,260,45,44,3_27,195,27
autosave01_02_2012_09_44_44.jpg,988,305,44,45,4_2_3,196,23
autosave01_02_2012_09_44_53.jpg,958,354,49,21,6_16,200,11
autosave01_02_2012_09_44_53.jpg,749,383,22,21,5_19_1,201,8
autosave01_02_2012_09_44_53.jpg,504,402,23,23,5_19_1,202,8
autosave01_02_2012_09_44_54.jpg,833,348,32,31,5_19_1,201,8
autosave01_02_2012_09_44_54.jpg,459,376,33,31,5_19_1,202,8
autosave01_02_2012_09_44_55.jpg,1038,273,65,59,5_19_1,201,8
autosave01_02_2012_09_44_55.jpg,345,329,60,59,5_19_1,202,8
autosave01_02_2012_09_44_58.jpg,852,337,37,36,3_27,203,27
autosave01_02_2012_09_44_59.jpg,910,315,43,44,3_27,203,27
autosave01_02_2012_09_45_05.jpg,814,335,36,37,2_1,204,1
autosave01_02_2012_09_45_06.jpg,1078,224,80,73,2_1,204,1
autosave01_02_2012_09_45_08.jpg,940,340,21,24,2_4,205,14
autosave01_02_2012_09_45_08.jpg,849,368,21,22,3_27,206,27
autosave01_02_2012_09_45_09.jpg,1235,268,24,41,2_4,205,14
autosave01_02_2012_09_45_09.jpg,1248,314,22,42,4_1_2,207,50
autosave01_02_2012_09_45_09.jpg,1029,327,32,38,3_27,206,27
autosave01_02_2012_09_45_21.jpg,921,347,33,47,7_3,208,34
autosave01_02_2012_09_45_22.jpg,874,358,20,24,3_27,209,27
autosave01_02_2012_09_45_22.jpg,878,384,19,23,4_2_3,210,23
autosave01_02_2012_09_45_33.jpg,801,383,21,23,1_15,211,28
autosave01_02_2012_09_45_34.jpg,972,340,35,37,1_15,211,28
autosave01_02_2012_09_45_35.jpg,851,361,21,23,6_3_1,212,30
autosave01_02_2012_09_45_36.jpg,1143,283,37,46,6_3_1,212,30
autosave01_02_2012_09_45_39.jpg,1015,330,43,36,1_22,213,54
autosave01_02_2012_09_45_43.jpg,788,376,21,21,1_27,214,55
autosave01_02_2012_09_45_44.jpg,988,321,42,42,1_27,214,55
autosave01_02_2012_09_45_44.jpg,991,365,40,17,8_2_1,215,5
autosave01_02_2012_09_45_48.jpg,833,305,30,31,5_19_1,216,8
autosave01_02_2012_09_45_49.jpg,307,330,64,60,5_19_1,217,8
autosave01_02_2012_09_45_51.jpg,1006,322,39,40,1_19,218,35
autosave01_02_2012_09_45_51.jpg,1010,363,34,16,8_2_1,219,5
autosave01_02_2012_09_46_04.jpg,992,315,41,46,3_27,220,27
autosave01_02_2012_09_46_07.jpg,813,365,54,28,5_15_1,221,42
autosave01_02_2012_09_46_08.jpg,1081,295,118,56,5_15_1,221,42
autosave01_02_2012_09_46_17.jpg,932,364,53,29,5_15_1,222,42
autosave01_02_2012_09_46_17.jpg,797,356,23,23,2_1,223,1
autosave01_02_2012_09_46_17.jpg,803,383,16,18,6_3_1,224,30
autosave01_02_2012_09_46_18.jpg,919,313,36,39,2_1,223,1
autosave01_02_2012_09_46_18.jpg,924,356,33,29,6_3_1,224,30
autosave01_02_2012_09_46_36.jpg,402,344,33,37,4_2_1,225,16
autosave01_02_2012_09_46_40.jpg,984,327,37,39,6_6,226,41
autosave01_02_2012_09_46_55.jpg,789,377,22,21,2_1,227,1
autosave01_02_2012_09_46_56.jpg,918,353,34,33,2_1,227,1
autosave01_02_2012_09_47_03.jpg,944,349,33,42,7_3,228,34
autosave01_02_2012_09_47_20.jpg,964,316,29,34,4_2_3,229,23
autosave01_02_2012_09_47_21.jpg,824,363,18,20,4_1_1,230,24
autosave01_02_2012_09_47_22.jpg,990,329,31,31,4_1_1,230,24
autosave01_02_2012_09_47_25.jpg,963,327,28,28,2_4,231,14
autosave01_02_2012_09_47_25.jpg,965,356,27,27,4_1_2_1,232,29
autosave01_02_2012_09_47_30.jpg,853,368,29,30,5_15_3,233,33
autosave01_02_2012_09_47_31.jpg,1116,312,48,53,5_15_3,233,33
autosave01_02_2012_09_47_34.jpg,797,380,42,22,5_15_1,234,42
autosave01_02_2012_09_47_35.jpg,939,344,71,34,5_15_1,234,42
autosave01_02_2012_09_47_42.jpg,967,307,89,44,5_15_1,235,42
autosave01_02_2012_09_47_42.jpg,805,368,28,29,2_1,236,1
autosave01_02_2012_09_47_43.jpg,962,332,53,48,2_1,236,1
autosave01_02_2012_09_47_45.jpg,826,323,27,25,5_19_1,237,8
autosave01_02_2012_09_47_46.jpg,1026,254,52,44,5_19_1,237,8
autosave01_02_2012_09_48_09.jpg,854,368,26,28,1_15,238,28
autosave01_02_2012_09_48_09.jpg,790,383,18,20,3_27,239,27
autosave01_02_2012_09_48_10.jpg,913,358,28,30,3_27,239,27
autosave01_02_2012_09_48_17.jpg,348,346,44,46,4_2_1,240,16
autosave01_02_2012_09_48_22.jpg,1048,314,54,52,2_3_2,241,56
autosave01_02_2012_09_48_28.jpg,471,388,23,23,4_1_1,242,24
autosave01_02_2012_09_48_29.jpg,219,316,69,71,4_1_1,242,24
autosave01_02_2012_09_48_36.jpg,825,369,23,24,2_3_2,243,56
autosave01_02_2012_09_48_52.jpg,770,362,23,23,2_3_2,244,56
autosave01_02_2012_09_48_53.jpg,977,287,48,44,2_3_2,244,56
autosave01_02_2012_09_48_55.jpg,903,336,41,34,5_15_2_2,245,57
autosave01_02_2012_09_48_58.jpg,814,374,34,24,5_15_2_2,246,57
autosave01_02_2012_09_49_00.jpg,965,325,43,41,1_22,247,54
autosave01_02_2012_09_49_03.jpg,1045,285,29,36,2_4,248,14
autosave01_02_2012_09_49_03.jpg,1051,324,26,35,4_1_2,249,50
autosave01_02_2012_09_49_04.jpg,1048,325,42,39,5_19_1,250,8
autosave01_02_2012_09_49_04.jpg,893,308,19,26,5_16,251,9
autosave01_02_2012_09_49_04.jpg,415,376,33,37,5_19_1,252,8
autosave01_02_2012_09_50_10.jpg,877,346,35,33,1_8,253,58
autosave01_02_2012_09_50_10.jpg,767,374,37,20,5_15_1,254,42
autosave01_02_2012_09_50_11.jpg,873,348,35,33,1_8,253,58
autosave01_02_2012_09_50_11.jpg,767,374,37,20,5_15_1,254,42
autosave01_02_2012_09_50_13.jpg,1120,287,101,51,5_15_1,254,42
autosave01_02_2012_09_50_14.jpg,1154,275,111,61,5_15_1,254,42
autosave01_02_2012_09_50_22.jpg,778,343,27,27,2_1,255,1
autosave01_02_2012_09_50_22.jpg,784,384,20,19,5_19_1,256,8
autosave01_02_2012_09_50_23.jpg,808,323,29,29,2_1,255,1
autosave01_02_2012_09_50_23.jpg,813,369,24,23,5_19_1,256,8
autosave01_02_2012_09_50_25.jpg,880,290,39,38,2_1,255,1
autosave01_02_2012_09_50_25.jpg,881,330,45,16,6_16,257,11
autosave01_02_2012_09_50_25.jpg,888,350,31,29,5_19_1,256,8
autosave01_02_2012_09_50_26.jpg,923,272,45,44,2_1,255,1
autosave01_02_2012_09_50_26.jpg,922,318,53,19,6_16,257,11
autosave01_02_2012_09_50_26.jpg,932,340,37,34,5_19_1,256,8
autosave01_02_2012_09_50_27.jpg,964,250,51,52,2_1,255,1
autosave01_02_2012_09_50_27.jpg,960,305,63,24,6_16,257,11
autosave01_02_2012_09_50_27.jpg,973,330,41,39,5_19_1,256,8
autosave01_02_2012_09_50_28.jpg,1000,241,57,56,2_1,255,1
autosave01_02_2012_09_50_28.jpg,997,300,68,25,6_16,257,11
autosave01_02_2012_09_50_28.jpg,1010,329,46,42,5_19_1,256,8
autosave01_02_2012_09_50_29.jpg,1037,223,63,61,2_1,255,1
autosave01_02_2012_09_50_29.jpg,1030,288,79,29,6_16,257,11
autosave01_02_2012_09_50_29.jpg,1049,318,51,49,5_19_1,256,8
autosave01_02_2012_09_50_30.jpg,1065,214,68,66,2_1,255,1
autosave01_02_2012_09_50_30.jpg,1065,281,79,29,6_16,257,11
autosave01_02_2012_09_50_30.jpg,1079,315,51,49,5_19_1,256,8
autosave01_02_2012_09_50_31.jpg,1078,199,68,66,2_1,255,1
autosave01_02_2012_09_50_31.jpg,1076,272,79,29,6_16,257,11
autosave01_02_2012_09_50_31.jpg,1090,305,56,51,5_19_1,256,8
autosave01_02_2012_09_50_32.jpg,1080,205,68,66,2_1,255,1
autosave01_02_2012_09_50_32.jpg,1078,275,80,30,6_16,257,11
autosave01_02_2012_09_50_32.jpg,1092,309,58,52,5_19_1,256,8
autosave01_02_2012_09_50_33.jpg,1080,205,68,66,2_1,255,1
autosave01_02_2012_09_50_33.jpg,1078,275,80,30,6_16,257,11
autosave01_02_2012_09_50_33.jpg,1092,309,58,52,5_19_1,256,8
autosave01_02_2012_09_50_34.jpg,1080,205,68,66,2_1,255,1
autosave01_02_2012_09_50_34.jpg,1078,275,80,30,6_16,257,11
autosave01_02_2012_09_50_34.jpg,1092,309,58,52,5_19_1,256,8
autosave01_02_2012_09_50_35.jpg,1080,205,68,66,2_1,255,1
autosave01_02_2012_09_50_35.jpg,1078,275,80,30,6_16,257,11
autosave01_02_2012_09_50_35.jpg,1092,309,58,52,5_19_1,256,8
autosave01_02_2012_09_50_36.jpg,1080,205,68,66,2_1,255,1
autosave01_02_2012_09_50_36.jpg,1078,275,80,30,6_16,257,11
autosave01_02_2012_09_50_37.jpg,1080,205,68,66,2_1,255,1
autosave01_02_2012_09_50_37.jpg,1078,275,80,30,6_16,257,11
autosave01_02_2012_09_50_37.jpg,1092,309,58,52,5_19_1,256,8
autosave01_02_2012_09_50_38.jpg,1080,205,68,66,2_1,255,1
autosave01_02_2012_09_50_38.jpg,1078,275,80,30,6_16,257,11
autosave01_02_2012_09_50_38.jpg,1092,309,58,52,5_19_1,256,8
autosave01_02_2012_09_50_39.jpg,1080,205,68,66,2_1,255,1
autosave01_02_2012_09_50_39.jpg,1078,275,80,30,6_16,257,11
autosave01_02_2012_09_50_39.jpg,1092,309,58,52,5_19_1,256,8
autosave01_02_2012_09_50_40.jpg,1080,205,68,66,2_1,255,1
autosave01_02_2012_09_50_40.jpg,1078,275,80,30,6_16,257,11
autosave01_02_2012_09_50_40.jpg,1092,309,58,52,5_19_1,256,8
autosave01_02_2012_09_50_41.jpg,1080,205,68,66,2_1,255,1
autosave01_02_2012_09_50_41.jpg,1078,275,80,30,6_16,257,11
autosave01_02_2012_09_50_41.jpg,1092,309,58,52,5_19_1,256,8
autosave01_02_2012_09_50_42.jpg,1080,205,68,66,2_1,255,1
autosave01_02_2012_09_50_42.jpg,1078,275,80,30,6_16,257,11
autosave01_02_2012_09_50_42.jpg,1092,309,58,52,5_19_1,256,8
autosave01_02_2012_09_50_43.jpg,1080,205,68,66,2_1,255,1
autosave01_02_2012_09_50_43.jpg,1078,275,80,30,6_16,257,11
autosave01_02_2012_09_50_43.jpg,1092,309,58,52,5_19_1,256,8
autosave01_02_2012_09_50_44.jpg,1080,205,68,66,2_1,255,1
autosave01_02_2012_09_50_44.jpg,1078,275,80,30,6_16,257,11
autosave01_02_2012_09_50_44.jpg,1092,309,58,52,5_19_1,256,8
autosave01_02_2012_09_50_45.jpg,1080,205,68,66,2_1,255,1
autosave01_02_2012_09_50_45.jpg,1078,275,80,30,6_16,257,11
autosave01_02_2012_09_50_45.jpg,1092,309,58,52,5_19_1,256,8
autosave01_02_2012_09_50_46.jpg,1080,205,68,66,2_1,255,1
autosave01_02_2012_09_50_46.jpg,1078,275,80,30,6_16,257,11
autosave01_02_2012_09_50_46.jpg,1092,309,58,52,5_19_1,256,8
autosave01_02_2012_09_50_47.jpg,1080,205,68,66,2_1,255,1
autosave01_02_2012_09_50_47.jpg,1078,275,80,30,6_16,257,11
autosave01_02_2012_09_50_47.jpg,1092,309,58,52,5_19_1,256,8
autosave01_02_2012_09_50_48.jpg,1080,205,68,66,2_1,255,1
autosave01_02_2012_09_50_48.jpg,1078,275,80,30,6_16,257,11
autosave01_02_2012_09_50_48.jpg,1092,309,58,52,5_19_1,256,8
autosave01_02_2012_09_50_49.jpg,1080,205,68,66,2_1,255,1
autosave01_02_2012_09_50_49.jpg,1078,275,80,30,6_16,257,11
autosave01_02_2012_09_50_49.jpg,1092,309,58,52,5_19_1,256,8
autosave01_02_2012_09_50_50.jpg,1080,205,68,66,2_1,255,1
autosave01_02_2012_09_50_50.jpg,1078,275,80,30,6_16,257,11
autosave01_02_2012_09_50_50.jpg,1092,309,58,52,5_19_1,256,8
autosave01_02_2012_09_50_51.jpg,1080,205,68,66,2_1,255,1
autosave01_02_2012_09_50_51.jpg,1078,275,80,30,6_16,257,11
autosave01_02_2012_09_50_51.jpg,1092,309,58,52,5_19_1,256,8
autosave01_02_2012_09_50_52.jpg,1080,205,68,66,2_1,255,1
autosave01_02_2012_09_50_52.jpg,1078,275,80,30,6_16,257,11
autosave01_02_2012_09_50_52.jpg,1092,309,58,52,5_19_1,256,8
autosave01_02_2012_09_50_53.jpg,1080,205,68,66,2_1,255,1
autosave01_02_2012_09_50_53.jpg,1078,275,80,30,6_16,257,11
autosave01_02_2012_09_50_53.jpg,1092,309,58,52,5_19_1,256,8
autosave01_02_2012_09_50_54.jpg,1080,205,68,66,2_1,255,1
autosave01_02_2012_09_50_54.jpg,1078,275,80,30,6_16,257,11
autosave01_02_2012_09_50_54.jpg,1092,309,58,52,5_19_1,256,8
autosave01_02_2012_09_50_55.jpg,1080,205,68,66,2_1,255,1
autosave01_02_2012_09_50_55.jpg,1078,275,80,30,6_16,257,11
autosave01_02_2012_09_50_55.jpg,1092,309,58,52,5_19_1,256,8
autosave01_02_2012_09_50_56.jpg,1080,205,68,66,2_1,255,1
autosave01_02_2012_09_50_56.jpg,1078,275,80,30,6_16,257,11
autosave01_02_2012_09_50_56.jpg,1092,309,58,52,5_19_1,256,8
autosave01_02_2012_09_50_59.jpg,1150,188,84,79,2_1,255,1
autosave01_02_2012_09_50_59.jpg,1151,268,98,35,6_16,257,11
autosave01_02_2012_09_50_59.jpg,1167,306,64,57,5_19_1,256,8
autosave01_02_2012_09_51_09.jpg,901,301,24,30,5_16,258,9
autosave01_02_2012_09_51_10.jpg,1129,198,39,50,5_16,258,9
autosave01_02_2012_09_51_13.jpg,914,330,34,36,3_27,259,27
autosave01_02_2012_09_51_14.jpg,1121,276,57,57,3_27,259,27
autosave01_02_2012_09_51_28.jpg,713,388,17,22,7_3,260,34
autosave01_02_2012_09_51_29.jpg,800,354,26,36,7_3,260,34
autosave01_02_2012_09_51_31.jpg,692,378,38,19,5_15_2_2,261,57
autosave01_02_2012_09_51_32.jpg,670,389,32,16,5_15_2_2,261,57
autosave01_02_2012_09_51_33.jpg,690,382,35,17,5_15_2_2,261,57
autosave01_02_2012_09_51_34.jpg,833,314,85,41,5_15_2_2,261,57
autosave01_02_2012_09_51_38.jpg,702,379,26,21,5_15_2_2,262,57
autosave01_02_2012_09_51_39.jpg,856,319,56,43,5_15_2_2,262,57
autosave01_02_2012_09_51_39.jpg,814,355,36,34,2_1,263,1